21-jul-06;11333.90
20-jul-06;11446.40
19-jul-06;11425.70
18-jul-06;11161.00
17-jul-06;11179.40
14-jul-06;11240.20
13-jul-06;11375.00
12-jul-06;11537.30
11-jul-06;11535.20
10-jul-06;11649.50
07-jul-06;11626.70
06-jul-06;11636.80
05-jul-06;11521.20
04-jul-06;11603.10
03-jul-06;11569.60
30-jun-06;11548.10
29-jun-06;11386.60
28-jun-06;11188.80
27-jun-06;11214.50
26-jun-06;11276.60
23-jun-06;11274.20
22-jun-06;11246.30
21-jun-06;11155.40
20-jun-06;11103.50
19-jun-06;11056.80
16-jun-06;10962.80
15-jun-06;11036.30
14-jun-06;10852.00
13-jun-06;10797.50
12-jun-06;11031.40
09-jun-06;11098.20
08-jun-06;10952.60
07-jun-06;11224.70
06-jun-06;11112.00
05-jun-06;11287.80
02-jun-06;11360.70
01-jun-06;11346.40
31-may-06;11340.50
30-may-06;11165.60
29-may-06;11371.40
26-may-06;11414.80
25-may-06;11208.20
24-may-06;11047.20
23-may-06;11160.70
22-may-06;10950.20
19-may-06;11270.80
18-may-06;11210.30
17-may-06;11248.20
16-may-06;11595.90
15-may-06;11587.70
12-may-06;11710.20
11-may-06;12008.40
10-may-06;12064.80
09-may-06;12083.30
08-may-06;12067.70
05-may-06;12034.40
04-may-06;11928.50
03-may-06;11876.50
02-may-06;11929.30
28-Apr-06;11892.50
27-Apr-06;11891.30
26-Apr-06;11925.60
25-Apr-06;11920.50
24-Apr-06;11901.30
21-Apr-06;11913.80
20-Apr-06;11782.60
19-Apr-06;11720.10
18-Apr-06;11585.00
13-Apr-06;11609.40
12-Apr-06;11601.70
11-Apr-06;11674.60
10-Apr-06;11817.50
7-Apr-06;11816.70
6-Apr-06;11908.20
5-Apr-06;11916.40
4-Apr-06;11893.80
3-Apr-06;11920.00
31-mar-06;11854.30
30-mar-06;11869.80
29-mar-06;11817.30
28-mar-06;11774.20
27-mar-06;11839.60
24-mar-06;11954.40
23-mar-06;11906.20
22-mar-06;11951.60
21-mar-06;11933.40
20-mar-06;11922.00
17-mar-06;11872.90
16-mar-06;11862.50
15-mar-06;11845.70
14-mar-06;11835.00
13-mar-06;11845.40
10-mar-06;11771.80
09-mar-06;11699.60
08-mar-06;11629.20
07-mar-06;11701.30
06-mar-06;11759.10
03-mar-06;11755.70
02-mar-06;11809.60
01-mar-06;11902.20
28-feb-06;11740.70
27-feb-06;11832.80
24-feb-06;11786.90
23-feb-06;11739.00
22-feb-06;11755.30
21-feb-06;11626.90
20-feb-06;11535.60
17-feb-06;11491.30
16-feb-06;11447.20
15-feb-06;11377.40
14-feb-06;11395.90
13-feb-06;11395.50
10-feb-06;11312.60
09-feb-06;11344.90
08-feb-06;11202.60
07-feb-06;11175.10
06-feb-06;11187.50
03-feb-06;11175.80
02-feb-06;11136.00
01-feb-06;11221.10
31-Jan-06;11104.30
30-Jan-06;11038.00
27-Jan-06;11023.20
26-Jan-06;10890.20
25-Jan-06;10824.10
24-Jan-06;10665.60
23-Jan-06;10712.20
20-Jan-06;10740.90
19-Jan-06;10821.50
18-Jan-06;10708.10
17-Jan-06;10806.30
16-Jan-06;10898.40
13-Jan-06;10850.70
12-Jan-06;10955.80
11-Jan-06;10966.20
10-Jan-06;10869.90
9-Jan-06;10962.50
6-Jan-06;10913.60
5-Jan-06;10913.60
4-Jan-06;10895.80
3-Jan-06;10818.10
2-Jan-06;10786.70
30-Dec-05;10733.90
29-Dec-05;10778.10
28-Dec-05;10769.50
27-Dec-05;10772.70
23-Dec-05;10723.90
22-Dec-05;10701.30
21-Dec-05;10682.70
20-Dec-05;10572.30
19-Dec-05;10528.30
16-Dec-05;10555.30
15-Dec-05;10483.50
14-Dec-05;10502.40
13-Dec-05;10533.60
12-Dec-05;10540.00
9-Dec-05;10489.30
8-Dec-05;10495.80
7-Dec-05;10506.60
6-Dec-05;10539.30
5-Dec-05;10532.10
2-Dec-05;10649.80
1-Dec-05;10678.70
30-nov-05;10557.80
29-nov-05;10620.10
28-nov-05;10618.80
25-nov-05;10656.30
24-nov-05;10634.20
23-nov-05;10626.70
22-nov-05;10522.90
21-nov-05;10535.10
18-nov-05;10527.10
17-nov-05;10445.20
16-nov-05;10391.70
15-nov-05;10456.30
14-nov-05;10504.60
11-nov-05;10510.30
10-nov-05;10438.40
09-nov-05;10456.30
08-nov-05;10440.20
07-nov-05;10420.90
04-nov-05;10412.30
03-nov-05;10476.90
02-nov-05;10424.50
01-nov-05;10427.20
31-oct-05;10493.80
28-oct-05;10339.50
27-oct-05;10328.60
26-oct-05;10473.40
25-oct-05;10476.60
24-oct-05;10534.50
21-oct-05;10368.80
20-oct-05;10382.30
19-oct-05;10402.50
18-oct-05;10529.90
17-oct-05;10629.50
14-oct-05;10629.30
13-oct-05;10567.10
12-oct-05;10721.80
11-oct-05;10810.20
10-oct-05;10800.60
07-oct-05;10732.40
06-oct-05;10750.90
05-oct-05;10823.10
04-oct-05;10919.20
03-oct-05;10880.70
30-sep-05;10813.90
29-sep-05;10780.60
28-sep-05;10801.70
27-sep-05;10678.50
26-sep-05;10724.90
23-sep-05;10631.20
22-sep-05;10536.60
21-sep-05;10500.30
20-sep-05;10583.40
19-sep-05;10536.00
16-sep-05;10532.10
15-sep-05;10475.70
14-sep-05;10459.10
13-sep-05;10429.80
12-sep-05;10494.70
09-sep-05;10486.60
08-sep-05;10441.20
07-sep-05;10408.00
06-sep-05;10373.20
05-sep-05;10250.90
02-sep-05;10145.00
01-sep-05;10134.10
31-Aug-05;10008.90
30-Aug-05;9922.30
29-Aug-05;9938.50
26-Aug-05;9904.80
25-Aug-05;9983.20
24-Aug-05;10078.90
23-Aug-05;10104.10
22-Aug-05;10174.80
19-Aug-05;10132.90
18-Aug-05;10037.90
17-Aug-05;10094.10
16-Aug-05;10139.80
15-Aug-05;10184.90
12-Aug-05;10187.20
11-Aug-05;10222.10
10-Aug-05;10229.20
9-Aug-05;10145.60
8-Aug-05;10115.50
5-Aug-05;10045.40
4-Aug-05;10074.30
3-Aug-05;10149.70
2-Aug-05;10113.90
1-Aug-05;10068.90
29-jul-05;10115.60
28-jul-05;10128.80
27-jul-05;10088.70
26-jul-05;10043.30
25-jul-05;10017.10
22-jul-05;10018.80
21-jul-05;10021.50
20-jul-05;10007.00
19-jul-05;10045.00
18-jul-05;9961.00
15-jul-05;9943.80
14-jul-05;9965.20
13-jul-05;9937.80
12-jul-05;9873.40
11-jul-05;9876.30
08-jul-05;9793.20
07-jul-05;9644.40
06-jul-05;9832.50
05-jul-05;9807.40
04-jul-05;9815.00
01-jul-05;9829.10
30-jun-05;9783.20
29-jun-05;9769.20
28-jun-05;9682.50
27-jun-05;9622.90
24-jun-05;9677.40
23-jun-05;9769.60
22-jun-05;9726.20
21-jun-05;9712.50
20-jun-05;9659.50
17-jun-05;9682.30
16-jun-05;9624.70
15-jun-05;9563.60
14-jun-05;9614.40
13-jun-05;9579.20
10-jun-05;9561.50
09-jun-05;9494.00
08-jun-05;9487.70
07-jun-05;9535.50
06-jun-05;9449.40
03-jun-05;9497.70
02-jun-05;9539.70
01-jun-05;9550.80
31-may-05;9427.10
30-may-05;9466.80
27-may-05;9381.50
26-may-05;9417.90
25-may-05;9351.30
24-may-05;9372.40
23-may-05;9397.00
20-may-05;9368.50
19-may-05;9400.10
18-may-05;9364.20
17-may-05;9213.30
16-may-05;9217.70
13-may-05;9222.50
12-may-05;9213.10
11-may-05;9149.90
10-may-05;9146.10
09-may-05;9223.50
06-may-05;9263.10
05-may-05;9235.50
04-may-05;9195.70
03-may-05;9168.30
02-may-05;9119.90
29-Apr-05;9001.60
28-Apr-05;8985.40
27-Apr-05;8985.00
26-Apr-05;9083.70
25-Apr-05;9106.20
22-Apr-05;9096.40
21-Apr-05;9018.70
20-Apr-05;9016.60
19-Apr-05;9046.20
18-Apr-05;9025.80
15-Apr-05;9155.20
14-Apr-05;9364.50
13-Apr-05;9373.90
12-Apr-05;9303.10
11-Apr-05;9334.80
8-Apr-05;9385.80
7-Apr-05;9392.40
6-Apr-05;9382.10
5-Apr-05;9298.10
4-Apr-05;9206.00
1-Apr-05;9289.50
31-mar-05;9258.80
30-mar-05;9280.10
29-mar-05;9324.10
24-mar-05;9309.30
23-mar-05;9252.10
22-mar-05;9299.20
21-mar-05;9225.40
18-mar-05;9263.90
17-mar-05;9235.80
16-mar-05;9201.20
15-mar-05;9354.70
14-mar-05;9296.50
11-mar-05;9330.20
10-mar-05;9319.40
09-mar-05;9410.30
08-mar-05;9480.20
07-mar-05;9545.90
04-mar-05;9538.00
03-mar-05;9418.80
02-mar-05;9443.60
01-mar-05;9472.30
28-feb-05;9391.00
25-feb-05;9439.70
24-feb-05;9352.60
23-feb-05;9354.10
22-feb-05;9350.30
21-feb-05;9464.60
18-feb-05;9570.10
17-feb-05;9585.70
16-feb-05;9575.60
15-feb-05;9634.30
14-feb-05;9585.00
11-feb-05;9588.30
10-feb-05;9451.20
09-feb-05;9450.80
08-feb-05;9479.20
07-feb-05;9461.70
04-feb-05;9422.50
03-feb-05;9310.40
02-feb-05;9307.00
01-feb-05;9257.00
31-Jan-05;9223.90
28-Jan-05;9139.40
27-Jan-05;9125.30
26-Jan-05;9058.10
25-Jan-05;9033.20
24-Jan-05;8967.10
21-Jan-05;8999.40
20-Jan-05;9017.70
19-Jan-05;9087.60
18-Jan-05;9096.90
17-Jan-05;9094.40
14-Jan-05;9025.10
13-Jan-05;9016.80
12-Jan-05;8945.70
11-Jan-05;8966.40
10-Jan-05;9028.50
7-Jan-05;9041.10
5-Jan-05;9024.40
4-Jan-05;9120.00
3-Jan-05;9124.10
30-Dec-04;9080.80
29-Dec-04;9100.70
28-Dec-04;9077.10
27-Dec-04;9050.70
23-Dec-04;9054.20
22-Dec-04;9025.00
21-Dec-04;8941.80
20-Dec-04;8894.50
17-Dec-04;8866.00
16-Dec-04;8898.80
15-Dec-04;8871.20
14-Dec-04;8893.80
13-Dec-04;8887.90
10-Dec-04;8827.20
9-Dec-04;8775.60
7-Dec-04;8818.40
3-Dec-04;8787.90
2-Dec-04;8811.40
1-Dec-04;8773.90
30-nov-04;8693.00
29-nov-04;8715.50
26-nov-04;8739.20
25-nov-04;8755.40
24-nov-04;8668.00
23-nov-04;8607.20
22-nov-04;8603.40
19-nov-04;8625.90
18-nov-04;8636.30
17-nov-04;8624.00
16-nov-04;8458.20
15-nov-04;8520.10
12-nov-04;8550.00
11-nov-04;8558.50
10-nov-04;8527.90
09-nov-04;8549.60
08-nov-04;8578.10
05-nov-04;8570.60
04-nov-04;8533.80
03-nov-04;8525.70
02-nov-04;8506.10
29-oct-04;8418.30
28-oct-04;8435.40
27-oct-04;8338.40
26-oct-04;8232.50
25-oct-04;8230.20
22-oct-04;8372.40
21-oct-04;8345.60
20-oct-04;8288.60
19-oct-04;8347.70
18-oct-04;8267.00
15-oct-04;8261.10
14-oct-04;8255.50
13-oct-04;8296.40
11-oct-04;8301.70
08-oct-04;8323.20
07-oct-04;8332.70
06-oct-04;8323.60
05-oct-04;8305.30
04-oct-04;8304.90
01-oct-04;8220.60
30-sep-04;8029.20
29-sep-04;8048.00
28-sep-04;7988.30
27-sep-04;7939.70
24-sep-04;7986.10
23-sep-04;7990.90
22-sep-04;8021.70
21-sep-04;8071.10
20-sep-04;8053.50
17-sep-04;8085.30
16-sep-04;8078.80
15-sep-04;8060.70
14-sep-04;8091.80
13-sep-04;8120.10
10-sep-04;8055.90
09-sep-04;8039.10
08-sep-04;8096.40
07-sep-04;8112.10
06-sep-04;8107.60
03-sep-04;8061.10
02-sep-04;7983.90
01-sep-04;7938.90
31-Aug-04;7869.50
30-Aug-04;7881.70
27-Aug-04;7882.30
26-Aug-04;7838.20
25-Aug-04;7784.10
24-Aug-04;7792.70
23-Aug-04;7788.90
20-Aug-04;7707.10
19-Aug-04;7734.50
18-Aug-04;7709.10
17-Aug-04;7670.70
13-Aug-04;7578.30
12-Aug-04;7624.20
11-Aug-04;7607.70
10-Aug-04;7654.70
9-Aug-04;7633.60
6-Aug-04;7681.00
5-Aug-04;7836.50
4-Aug-04;7812.30
3-Aug-04;7894.20
2-Aug-04;7869.00
30-jul-04;7919.30
29-jul-04;7872.80
28-jul-04;7809.10
27-jul-04;7842.30
26-jul-04;7740.90
23-jul-04;7848.80
22-jul-04;7925.20
21-jul-04;8031.40
20-jul-04;7990.00
19-jul-04;7981.40
16-jul-04;8010.90
15-jul-04;7983.10
14-jul-04;8029.60
13-jul-04;8076.50
12-jul-04;8053.60
09-jul-04;8047.50
08-jul-04;8085.00
07-jul-04;8063.80
06-jul-04;8022.80
05-jul-04;8060.30
02-jul-04;8034.60
01-jul-04;8085.30
30-jun-04;8078.30
29-jun-04;8131.20
28-jun-04;8184.40
25-jun-04;8120.50
24-jun-04;8162.60
23-jun-04;8107.20
22-jun-04;8056.50
21-jun-04;8129.30
18-jun-04;8109.20
17-jun-04;8102.90
16-jun-04;8069.30
15-jun-04;8028.60
14-jun-04;7965.20
11-jun-04;8062.30
10-jun-04;8097.70
09-jun-04;8075.20
08-jun-04;8103.70
07-jun-04;8109.00
04-jun-04;8010.70
03-jun-04;7901.90
02-jun-04;7908.70
01-jun-04;7848.40
31-may-04;7959.30
28-may-04;7951.60
27-may-04;7965.40
26-may-04;7926.10
25-may-04;7841.50
24-may-04;7883.90
21-may-04;7806.50
20-may-04;7817.20
19-may-04;7900.00
18-may-04;7724.90
17-may-04;7671.90
14-may-04;7779.70
13-may-04;7866.40
12-may-04;7829.00
11-may-04;7909.00
10-may-04;7815.10
07-may-04;8027.00
06-may-04;8119.30
05-may-04;8235.80
04-may-04;8151.60
03-may-04;8170.60
30-Apr-04;8109.50
29-Apr-04;8159.40
28-Apr-04;8232.70
27-Apr-04;8359.00
26-Apr-04;8362.90
23-Apr-04;8331.70
22-Apr-04;8293.60
21-Apr-04;8282.10
20-Apr-04;8375.20
19-Apr-04;8340.40
16-Apr-04;8387.90
15-Apr-04;8310.40
14-Apr-04;8352.00
13-Apr-04;8444.30
8-Apr-04;8390.10
7-Apr-04;8294.80
6-Apr-04;8281.80
5-Apr-04;8285.90
2-Apr-04;8269.70
1-Apr-04;8097.90
31-mar-04;8018.10
30-mar-04;8004.20
29-mar-04;8021.10
26-mar-04;7952.80
25-mar-04;7914.80
24-mar-04;7752.90
23-mar-04;7768.30
22-mar-04;7727.80
19-mar-04;7879.10
18-mar-04;7820.40
17-mar-04;7948.10
16-mar-04;7810.70
15-mar-04;7699.10
12-mar-04;8032.60
11-mar-04;8112.40
10-mar-04;8292.90
09-mar-04;8286.70
08-mar-04;8369.70
05-mar-04;8346.10
04-mar-04;8337.90
03-mar-04;8280.40
02-mar-04;8354.00
01-mar-04;8300.40
27-feb-04;8249.40
26-feb-04;8160.20
25-feb-04;8173.60
24-feb-04;8159.60
23-feb-04;8245.20
20-feb-04;8237.80
19-feb-04;8340.60
18-feb-04;8283.00
17-feb-04;8258.90
16-feb-04;8226.50
13-feb-04;8199.60
12-feb-04;8242.30
11-feb-04;8197.20
10-feb-04;8171.90
09-feb-04;8135.20
06-feb-04;8024.90
05-feb-04;7949.10
04-feb-04;7888.80
03-feb-04;7960.30
02-feb-04;7958.60
30-Jan-04;7929.90
29-Jan-04;8013.10
28-Jan-04;8116.40
27-Jan-04;8061.10
26-Jan-04;8031.40
23-Jan-04;8114.50
22-Jan-04;8101.30
21-Jan-04;8051.90
20-Jan-04;7987.90
19-Jan-04;8016.30
16-Jan-04;7979.30
15-Jan-04;7957.30
14-Jan-04;7978.10
13-Jan-04;7946.10
12-Jan-04;7934.60
9-Jan-04;7924.60
8-Jan-04;7943.40
7-Jan-04;7913.70
5-Jan-04;7911.40
2-Jan-04;7879.20
30-Dec-03;7737.20
29-Dec-03;7760.40
23-Dec-03;7696.50
22-Dec-03;7619.10
19-Dec-03;7617.60
18-Dec-03;7585.50
17-Dec-03;7506.30
16-Dec-03;7487.00
15-Dec-03;7471.80
12-Dec-03;7434.40
11-Dec-03;7432.20
10-Dec-03;7358.80
9-Dec-03;7391.00
5-Dec-03;7348.10
4-Dec-03;7367.10
3-Dec-03;7384.30
2-Dec-03;7348.70
1-Dec-03;7372.30
28-nov-03;7252.50
27-nov-03;7249.90
26-nov-03;7227.40
25-nov-03;7251.90
24-nov-03;7243.80
21-nov-03;7145.00
20-nov-03;7111.60
19-nov-03;7131.50
18-nov-03;7127.30
17-nov-03;7134.00
14-nov-03;7293.80
13-nov-03;7258.80
12-nov-03;7246.70
11-nov-03;7191.40
10-nov-03;7222.90
07-nov-03;7267.80
06-nov-03;7228.10
05-nov-03;7196.10
04-nov-03;7199.70
03-nov-03;7215.30
31-oct-03;7129.50
30-oct-03;7119.10
29-oct-03;7030.40
28-oct-03;7023.80
27-oct-03;6951.00
24-oct-03;6869.00
23-oct-03;6879.90
22-oct-03;6914.60
21-oct-03;7007.40
20-oct-03;6984.80
17-oct-03;6993.60
16-oct-03;7034.30
15-oct-03;7043.50
14-oct-03;7040.70
13-oct-03;7063.10
10-oct-03;6974.70
09-oct-03;7019.10
08-oct-03;6924.30
07-oct-03;6894.10
06-oct-03;6894.20
03-oct-03;6922.30
02-oct-03;6762.40
01-oct-03;6751.00
30-sep-03;6703.60
29-sep-03;6772.00
26-sep-03;6809.40
25-sep-03;6895.70
24-sep-03;6909.00
23-sep-03;6953.10
22-sep-03;6953.30
19-sep-03;7102.70
18-sep-03;7195.70
17-sep-03;7146.70
16-sep-03;7132.00
15-sep-03;7057.60
12-sep-03;7022.90
11-sep-03;7113.40
10-sep-03;7116.00
09-sep-03;7220.00
08-sep-03;7287.00
05-sep-03;7230.60
04-sep-03;7265.70
03-sep-03;7291.70
02-sep-03;7203.90
01-sep-03;7194.40
29-Aug-03;7111.30
28-Aug-03;7175.10
27-Aug-03;7143.30
26-Aug-03;7130.00
25-Aug-03;7166.40
22-Aug-03;7205.90
21-Aug-03;7214.90
20-Aug-03;7179.80
19-Aug-03;7192.40
18-Aug-03;7170.70
14-Aug-03;7110.30
13-Aug-03;6998.20
12-Aug-03;7015.30
11-Aug-03;6965.40
8-Aug-03;6930.80
7-Aug-03;6900.30
6-Aug-03;6924.30
5-Aug-03;6991.30
4-Aug-03;6945.00
1-Aug-03;6995.40
31-jul-03;7061.70
30-jul-03;6984.30
29-jul-03;6924.00
28-jul-03;6996.70
25-jul-03;6903.80
24-jul-03;6981.10
23-jul-03;6868.00
22-jul-03;6862.40
21-jul-03;6825.20
18-jul-03;6900.40
17-jul-03;6945.30
16-jul-03;6932.80
15-jul-03;7000.00
14-jul-03;7046.00
11-jul-03;6968.60
10-jul-03;6838.50
09-jul-03;6915.70
08-jul-03;6965.70
07-jul-03;6944.60
04-jul-03;6800.40
03-jul-03;6795.30
02-jul-03;6830.90
01-jul-03;6739.10
30-jun-03;6862.00
27-jun-03;6970.10
26-jun-03;6944.60
25-jun-03;6941.30
24-jun-03;6871.40
23-jun-03;6919.70
20-jun-03;7081.60
19-jun-03;6908.60
18-jun-03;7015.80
17-jun-03;6977.10
16-jun-03;6960.90
13-jun-03;6857.20
12-jun-03;6849.10
11-jun-03;6791.20
10-jun-03;6696.80
09-jun-03;6670.10
06-jun-03;6717.70
05-jun-03;6591.10
04-jun-03;6637.70
03-jun-03;6562.90
02-jun-03;6595.40
30-may-03;6508.50
29-may-03;6483.00
28-may-03;6472.90
27-may-03;6363.60
26-may-03;6338.20
23-may-03;6346.20
22-may-03;6317.90
21-may-03;6198.90
20-may-03;6298.10
19-may-03;6279.60
16-may-03;6481.50
15-may-03;6413.80
14-may-03;6363.40
13-may-03;6376.00
12-may-03;6395.00
09-may-03;6387.80
08-may-03;6300.50
07-may-03;6429.00
06-may-03;6568.70
05-may-03;6491.30
02-may-03;6456.40
30-Apr-03;6489.50
29-Apr-03;6557.20
28-Apr-03;6607.80
25-Apr-03;6492.50
24-Apr-03;6526.90
23-Apr-03;6587.40
22-Apr-03;6577.60
17-Apr-03;6574.40
16-Apr-03;6503.10
15-Apr-03;6560.80
14-Apr-03;6488.60
11-Apr-03;6442.30
10-Apr-03;6407.80
9-Apr-03;6468.50
8-Apr-03;6397.30
7-Apr-03;6454.20
4-Apr-03;6324.10
3-Apr-03;6238.00
2-Apr-03;6174.50
1-Apr-03;5953.20
31-mar-03;5870.50
28-mar-03;6029.20
27-mar-03;6022.40
26-mar-03;6142.80
25-mar-03;6123.80
24-mar-03;6005.00
21-mar-03;6258.00
20-mar-03;6102.10
19-mar-03;6171.30
18-mar-03;6089.60
17-mar-03;6064.50
14-mar-03;5904.90
13-mar-03;5670.70
12-mar-03;5452.40
11-mar-03;5606.40
10-mar-03;5569.40
07-mar-03;5716.50
06-mar-03;5816.90
05-mar-03;5879.80
04-mar-03;5861.80
03-mar-03;5987.20
28-feb-03;5999.40
27-feb-03;5887.70
26-feb-03;5782.00
25-feb-03;5803.20
24-feb-03;5952.10
21-feb-03;6043.20
20-feb-03;5989.30
19-feb-03;6036.80
18-feb-03;6165.00
17-feb-03;6082.90
14-feb-03;5972.80
13-feb-03;5817.60
12-feb-03;5840.20
11-feb-03;5923.30
10-feb-03;5787.60
07-feb-03;5809.30
06-feb-03;5885.60
05-feb-03;6002.60
04-feb-03;5872.90
03-feb-03;6017.20
31-Jan-03;5947.70
30-Jan-03;6019.60
29-Jan-03;5941.00
28-Jan-03;5955.40
27-Jan-03;6022.40
24-Jan-03;6268.90
23-Jan-03;6310.20
22-Jan-03;6249.70
21-Jan-03;6346.30
20-Jan-03;6390.80
17-Jan-03;6458.20
16-Jan-03;6610.60
15-Jan-03;6566.80
14-Jan-03;6589.20
13-Jan-03;6534.70
10-Jan-03;6438.90
9-Jan-03;6433.00
8-Jan-03;6377.20
7-Jan-03;6349.30
3-Jan-03;6237.30
2-Jan-03;6284.00
30-Dec-02;6036.90
27-Dec-02;6081.30
23-Dec-02;6240.20
20-Dec-02;6208.00
19-Dec-02;6168.30
18-Dec-02;6155.80
17-Dec-02;6266.60
16-Dec-02;6311.40
13-Dec-02;6120.60
12-Dec-02;6251.60
11-Dec-02;6371.50
10-Dec-02;6332.10
9-Dec-02;6291.00
5-Dec-02;6425.30
4-Dec-02;6512.80
3-Dec-02;6582.40
2-Dec-02;6736.30
29-nov-02;6685.60
28-nov-02;6704.10
27-nov-02;6700.10
26-nov-02;6471.50
25-nov-02;6580.70
22-nov-02;6539.20
21-nov-02;6498.90
20-nov-02;6264.30
19-nov-02;6299.30
18-nov-02;6356.30
15-nov-02;6250.80
14-nov-02;6271.70
13-nov-02;6133.50
12-nov-02;6141.90
11-nov-02;6060.00
08-nov-02;6074.20
07-nov-02;6115.60
06-nov-02;6319.10
05-nov-02;6369.10
04-nov-02;6366.20
31-oct-02;6139.40
30-oct-02;6038.10
29-oct-02;6005.90
28-oct-02;6164.60
25-oct-02;6092.50
24-oct-02;6054.20
23-oct-02;5881.40
22-oct-02;6040.80
21-oct-02;6031.40
18-oct-02;6010.80
17-oct-02;6023.50
16-oct-02;5865.40
15-oct-02;5889.40
14-oct-02;5603.30
11-oct-02;5661.00
10-oct-02;5447.60
09-oct-02;5364.50
08-oct-02;5454.10
07-oct-02;5464.30
04-oct-02;5499.20
03-oct-02;5551.70
02-oct-02;5614.40
01-oct-02;5368.60
30-sep-02;5431.70
27-sep-02;5630.60
26-sep-02;5682.40
25-sep-02;5447.40
24-sep-02;5390.90
23-sep-02;5580.10
20-sep-02;5761.10
19-sep-02;5819.00
18-sep-02;5905.50
17-sep-02;6082.00
16-sep-02;6087.00
13-sep-02;6141.30
12-sep-02;6251.10
11-sep-02;6492.00
10-sep-02;6295.70
09-sep-02;6143.30
06-sep-02;6261.60
05-sep-02;6080.40
04-sep-02;6165.10
03-sep-02;6141.90
02-sep-02;6341.30
30-Aug-02;6435.70
29-Aug-02;6370.90
28-Aug-02;6472.70
27-Aug-02;6703.10
26-Aug-02;6534.10
23-Aug-02;6590.10
22-Aug-02;6678.80
21-Aug-02;6528.10
20-Aug-02;6466.30
19-Aug-02;6583.00
16-Aug-02;6326.60
14-Aug-02;6104.60
13-Aug-02;6271.40
12-Aug-02;6221.10
9-Aug-02;6400.30
8-Aug-02;6396.10
7-Aug-02;6091.70
6-Aug-02;6168.60
5-Aug-02;5963.20
2-Aug-02;6114.10
1-Aug-02;6074.90
31-jul-02;6249.30
30-jul-02;6322.30
29-jul-02;6659.80
26-jul-02;6303.40
25-jul-02;6310.10
24-jul-02;6004.50
23-jul-02;6158.60
22-jul-02;6251.90
19-jul-02;6420.40
18-jul-02;6751.60
17-jul-02;6660.60
16-jul-02;6421.20
15-jul-02;6420.90
12-jul-02;6724.60
11-jul-02;6637.70
10-jul-02;6858.30
09-jul-02;6997.70
08-jul-02;7133.80
05-jul-02;7078.40
04-jul-02;6686.60
03-jul-02;6592.20
02-jul-02;6713.40
01-jul-02;6893.60
28-jun-02;6913.00
27-jun-02;6695.80
26-jun-02;6683.40
25-jun-02;6773.60
24-jun-02;6651.40
21-jun-02;6925.50
20-jun-02;7060.30
19-jun-02;7212.70
18-jun-02;7350.80
17-jun-02;7333.00
14-jun-02;7128.20
13-jun-02;7296.50
12-jun-02;7387.60
11-jun-02;7553.90
10-jun-02;7483.10
07-jun-02;7480.60
06-jun-02;7577.50
05-jun-02;7619.10
04-jun-02;7667.00
03-jun-02;7899.70
31-may-02;7949.90
30-may-02;7854.80
29-may-02;7946.70
28-may-02;7925.10
27-may-02;7993.00
24-may-02;7950.20
23-may-02;7902.10
22-may-02;7857.10
21-may-02;7950.00
20-may-02;8000.00
17-may-02;8090.60
16-may-02;8088.10
15-may-02;8162.10
14-may-02;8103.60
13-may-02;7998.10
10-may-02;7897.10
09-may-02;8041.40
08-may-02;8087.90
07-may-02;7910.70
06-may-02;7945.90
03-may-02;8019.00
02-may-02;8048.00
30-Apr-02;8154.40
29-Apr-02;8146.30
26-Apr-02;8182.00
25-Apr-02;8171.10
24-Apr-02;8325.00
23-Apr-02;8356.90
22-Apr-02;8363.50
19-Apr-02;8420.40
18-Apr-02;8348.10
17-Apr-02;8393.80
16-Apr-02;8353.50
15-Apr-02;8116.90
12-Apr-02;8027.30
11-Apr-02;7971.10
10-Apr-02;8098.20
9-Apr-02;8038.50
8-Apr-02;7976.10
5-Apr-02;8170.10
4-Apr-02;8164.70
3-Apr-02;8236.10
2-Apr-02;8202.10
28-mar-02;8249.70
27-mar-02;8158.00
26-mar-02;8123.20
25-mar-02;8167.20
22-mar-02;8346.00
21-mar-02;8334.40
20-mar-02;8390.10
19-mar-02;8471.30
18-mar-02;8394.70
15-mar-02;8318.80
14-mar-02;8253.30
13-mar-02;8199.00
12-mar-02;8225.90
11-mar-02;8317.90
08-mar-02;8369.70
07-mar-02;8382.20
06-mar-02;8320.50
05-mar-02;8307.20
04-mar-02;8385.00
01-mar-02;8230.70
28-feb-02;8135.50
27-feb-02;8101.40
26-feb-02;7847.00
25-feb-02;7775.10
22-feb-02;7662.40
21-feb-02;7736.50
20-feb-02;7716.40
19-feb-02;7708.60
18-feb-02;7832.40
15-feb-02;7920.40
14-feb-02;8021.40
13-feb-02;7867.20
12-feb-02;7787.80
11-feb-02;7819.70
08-feb-02;7829.80
07-feb-02;7872.40
06-feb-02;7708.10
05-feb-02;7852.70
04-feb-02;8014.30
01-feb-02;8171.10
31-Jan-02;8050.40
30-Jan-02;8019.70
29-Jan-02;8178.40
28-Jan-02;8273.10
25-Jan-02;8185.00
24-Jan-02;8213.30
23-Jan-02;8078.30
22-Jan-02;8033.10
21-Jan-02;7902.50
18-Jan-02;8008.80
17-Jan-02;7977.50
16-Jan-02;7804.10
15-Jan-02;7948.70
14-Jan-02;7800.30
11-Jan-02;7983.10
10-Jan-02;7935.40
9-Jan-02;8066.10
8-Jan-02;8186.60
7-Jan-02;8177.30
4-Jan-02;8463.10
3-Jan-02;8554.70
2-Jan-02;8377.10
28-Dec-01;8397.60
27-Dec-01;8434.90
21-Dec-01;8284.90
20-Dec-01;8232.80
19-Dec-01;8327.00
18-Dec-01;8474.10
17-Dec-01;8543.10
14-Dec-01;8281.60
13-Dec-01;8319.50
12-Dec-01;8532.50
11-Dec-01;8636.70
10-Dec-01;8559.90
7-Dec-01;8703.20
5-Dec-01;8825.50
4-Dec-01;8514.60
3-Dec-01;8302.90
30-nov-01;8364.70
29-nov-01;8272.90
28-nov-01;8348.30
27-nov-01;8439.30
26-nov-01;8563.10
23-nov-01;8531.70
22-nov-01;8506.10
21-nov-01;8425.40
20-nov-01;8540.60
19-nov-01;8691.10
16-nov-01;8536.60
15-nov-01;8500.30
14-nov-01;8463.60
13-nov-01;8383.10
12-nov-01;8059.80
09-nov-01;8222.00
08-nov-01;8363.30
07-nov-01;8118.40
06-nov-01;8017.80
05-nov-01;7926.00
02-nov-01;7677.50
01-nov-01;7754.80
31-oct-01;7774.30
30-oct-01;7562.50
29-oct-01;7792.70
26-oct-01;7958.30
25-oct-01;7879.30
24-oct-01;8096.70
23-oct-01;7963.10
22-oct-01;7780.40
19-oct-01;7590.70
18-oct-01;7802.30
17-oct-01;7918.60
16-oct-01;7643.70
15-oct-01;7511.90
11-oct-01;7553.10
10-oct-01;7529.60
09-oct-01;7278.40
08-oct-01;7200.00
05-oct-01;7169.30
04-oct-01;7466.30
03-oct-01;7245.00
02-oct-01;7309.90
01-oct-01;7193.10
28-sep-01;7314.00
27-sep-01;7197.90
26-sep-01;7050.90
25-sep-01;7000.50
24-sep-01;6885.70
21-sep-01;6498.40
20-sep-01;6725.30
19-sep-01;6933.60
18-sep-01;7043.80
17-sep-01;7094.80
14-sep-01;6911.80
13-sep-01;7338.70
12-sep-01;7336.70
10-sep-01;7678.70
07-sep-01;7727.20
06-sep-01;7904.70
05-sep-01;8117.30
04-sep-01;8291.20
03-sep-01;8153.00
31-Aug-01;8321.10
30-Aug-01;8232.10
29-Aug-01;8425.30
28-Aug-01;8372.90
27-Aug-01;8515.60
24-Aug-01;8540.60
23-Aug-01;8401.30
22-Aug-01;8305.60
21-Aug-01;8196.00
20-Aug-01;8190.30
17-Aug-01;8200.10
16-Aug-01;8322.90
14-Aug-01;8450.00
13-Aug-01;8337.70
10-Aug-01;8203.00
9-Aug-01;8292.00
8-Aug-01;8439.20
7-Aug-01;8567.70
6-Aug-01;8636.20
3-Aug-01;8564.70
2-Aug-01;8608.70
1-Aug-01;8557.30
31-jul-01;8480.00
30-jul-01;8417.90
27-jul-01;8217.00
26-jul-01;8231.00
25-jul-01;8153.50
24-jul-01;8373.80
23-jul-01;8378.90
20-jul-01;8304.10
19-jul-01;8354.20
18-jul-01;8210.10
17-jul-01;8372.70
16-jul-01;8296.10
13-jul-01;8303.90
12-jul-01;8166.70
11-jul-01;8266.10
10-jul-01;8465.10
09-jul-01;8526.20
06-jul-01;8501.90
05-jul-01;8787.60
04-jul-01;8885.00
03-jul-01;9015.90
02-jul-01;9073.30
29-jun-01;8878.40
28-jun-01;8855.90
27-jun-01;8787.60
26-jun-01;8792.70
25-jun-01;8964.30
22-jun-01;8925.20
21-jun-01;8920.90
20-jun-01;9021.50
19-jun-01;9047.90
18-jun-01;9018.70
15-jun-01;9363.30
14-jun-01;9476.60
13-jun-01;9522.50
12-jun-01;9444.00
11-jun-01;9606.80
08-jun-01;9607.30
07-jun-01;9516.80
06-jun-01;9530.70
05-jun-01;9601.80
04-jun-01;9561.50
01-jun-01;9399.40
31-may-01;9500.70
30-may-01;9439.90
29-may-01;9487.20
28-may-01;9545.60
25-may-01;9468.40
24-may-01;9616.20
23-may-01;9632.60
22-may-01;9626.90
21-may-01;9678.20
18-may-01;9728.40
17-may-01;9661.50
16-may-01;9588.10
15-may-01;9667.60
14-may-01;9602.20
11-may-01;9684.50
10-may-01;9781.50
09-may-01;9654.30
08-may-01;9658.00
07-may-01;9589.20
04-may-01;9542.70
03-may-01;9497.20
02-may-01;9633.50
30-Apr-01;9761.00
27-Apr-01;9634.60
26-Apr-01;9523.90
25-Apr-01;9350.40
24-Apr-01;9418.90
23-Apr-01;9269.40
20-Apr-01;9547.50
19-Apr-01;9798.00
18-Apr-01;9797.80
17-Apr-01;9526.50
12-Apr-01;9648.80
11-Apr-01;9613.90
10-Apr-01;9601.80
9-Apr-01;9453.50
6-Apr-01;9328.40
5-Apr-01;9340.20
4-Apr-01;9172.40
3-Apr-01;9011.80
2-Apr-01;9324.30
30-mar-01;9308.30
29-mar-01;9222.80
28-mar-01;9163.40
27-mar-01;9263.30
26-mar-01;9063.40
23-mar-01;8810.50
22-mar-01;8531.80
21-mar-01;8899.80
20-mar-01;9216.70
19-mar-01;9251.30
16-mar-01;9290.00
15-mar-01;9476.30
14-mar-01;9393.00
13-mar-01;9510.90
12-mar-01;9494.80
09-mar-01;9726.60
08-mar-01;9798.20
07-mar-01;9923.30
06-mar-01;9892.10
05-mar-01;9688.10
02-mar-01;9570.90
01-mar-01;9486.10
28-feb-01;9551.40
27-feb-01;9554.10
26-feb-01;9476.40
23-feb-01;9344.80
22-feb-01;9418.80
21-feb-01;9592.10
20-feb-01;9680.50
19-feb-01;9861.30
16-feb-01;9789.50
15-feb-01;9865.30
14-feb-01;9759.70
13-feb-01;10054.20
12-feb-01;10096.50
09-feb-01;9936.30
08-feb-01;10020.80
07-feb-01;9880.70
06-feb-01;9934.80
05-feb-01;9846.70
02-feb-01;9848.50
01-feb-01;10123.00
31-Jan-01;10116.00
30-Jan-01;10036.20
29-Jan-01;9949.90
26-Jan-01;10090.10
25-Jan-01;10132.00
24-Jan-01;10116.20
23-Jan-01;10100.40
22-Jan-01;10019.20
19-Jan-01;9955.50
18-Jan-01;10070.80
17-Jan-01;10020.10
16-Jan-01;9722.40
15-Jan-01;9892.00
12-Jan-01;9890.20
11-Jan-01;9699.80
10-Jan-01;9585.80
9-Jan-01;9581.80
8-Jan-01;9623.60
5-Jan-01;9601.40
4-Jan-01;9597.20
3-Jan-01;9200.90
2-Jan-01;9080.20
29-Dec-00;9109.80
28-Dec-00;9075.60
27-Dec-00;9078.50
22-Dec-00;9039.00
21-Dec-00;8964.20
20-Dec-00;8864.30
19-Dec-00;9255.50
18-Dec-00;9052.80
15-Dec-00;9155.70
14-Dec-00;9518.30
13-Dec-00;9716.90
12-Dec-00;9753.50
11-Dec-00;9788.10
7-Dec-00;9497.30
5-Dec-00;9461.10
4-Dec-00;9069.10
1-Dec-00;9339.40
30-nov-00;9214.50
29-nov-00;9477.30
28-nov-00;9358.00
27-nov-00;9541.90
24-nov-00;9642.30
23-nov-00;9334.80
22-nov-00;9252.50
21-nov-00;9594.00
20-nov-00;9548.70
17-nov-00;9845.90
16-nov-00;10135.30
15-nov-00;10294.10
14-nov-00;10274.80
13-nov-00;9897.30
10-nov-00;9986.00
09-nov-00;10273.50
08-nov-00;10488.40
07-nov-00;10573.60
06-nov-00;10610.50
03-nov-00;10542.70
02-nov-00;10507.00
31-oct-00;10363.10
30-oct-00;10307.30
27-oct-00;10395.70
26-oct-00;10324.70
25-oct-00;10517.40
24-oct-00;10666.90
23-oct-00;10329.90
20-oct-00;10443.60
19-oct-00;10367.30
18-oct-00;10056.10
17-oct-00;10375.40
16-oct-00;10455.20
13-oct-00;10385.40
11-oct-00;10618.70
10-oct-00;10950.70
09-oct-00;10838.80
06-oct-00;11150.00
05-oct-00;11237.30
04-oct-00;11159.30
03-oct-00;11271.20
02-oct-00;11152.50
29-sep-00;10950.00
28-sep-00;11023.10
27-sep-00;10957.60
26-sep-00;10956.00
25-sep-00;11159.10
22-sep-00;11029.40
21-sep-00;10803.40
20-sep-00;10901.30
19-sep-00;11065.50
18-sep-00;11188.10
15-sep-00;11463.10
14-sep-00;11451.60
13-sep-00;11212.50
12-sep-00;11311.80
11-sep-00;11229.80
08-sep-00;11103.30
07-sep-00;11282.50
06-sep-00;11238.50
05-sep-00;11188.20
04-sep-00;11246.30
01-sep-00;11170.10
31-Aug-00;10884.70
30-Aug-00;10869.60
29-Aug-00;10840.60
28-Aug-00;10907.50
25-Aug-00;10818.30
24-Aug-00;10720.10
23-Aug-00;10798.10
22-Aug-00;10934.60
21-Aug-00;11093.50
18-Aug-00;11065.50
17-Aug-00;11155.50
16-Aug-00;11342.70
15-Aug-00;11207.90
14-Aug-00;11210.60
11-Aug-00;11094.60
10-Aug-00;11110.60
9-Aug-00;10951.90
8-Aug-00;10867.60
7-Aug-00;10707.70
4-Aug-00;10583.40
3-Aug-00;10453.00
2-Aug-00;10644.50
1-Aug-00;10549.00
31-jul-00;10531.60
28-jul-00;10560.00
27-jul-00;10726.00
26-jul-00;10743.80
25-jul-00;10714.60
24-jul-00;10831.50
21-jul-00;10879.60
20-jul-00;10986.10
19-jul-00;10850.70
18-jul-00;10791.50
17-jul-00;10949.20
14-jul-00;11002.60
13-jul-00;10848.20
12-jul-00;10878.70
11-jul-00;10874.80
10-jul-00;10828.90
07-jul-00;10896.70
06-jul-00;10739.60
05-jul-00;10757.60
04-jul-00;10848.90
03-jul-00;10676.70
30-jun-00;10581.30
29-jun-00;10366.40
28-jun-00;10583.20
27-jun-00;10528.20
26-jun-00;10488.90
23-jun-00;10533.10
22-jun-00;10490.50
21-jun-00;10351.40
20-jun-00;10563.40
19-jun-00;10595.60
16-jun-00;10723.80
15-jun-00;10876.00
14-jun-00;10880.70
13-jun-00;10806.00
12-jun-00;10791.30
09-jun-00;10873.20
08-jun-00;10799.60
07-jun-00;10688.90
06-jun-00;10782.50
05-jun-00;11004.20
02-jun-00;11141.50
01-jun-00;10875.50
31-may-00;10688.50
30-may-00;10648.50
29-may-00;10558.90
26-may-00;10437.10
25-may-00;10560.60
24-may-00;10342.40
23-may-00;10380.10
22-may-00;10326.30
19-may-00;10544.90
18-may-00;10889.60
17-may-00;10905.30
16-may-00;11220.70
15-may-00;11009.30
12-may-00;11102.60
11-may-00;11036.30
10-may-00;10832.30
09-may-00;11071.70
08-may-00;11304.00
05-may-00;11560.90
04-may-00;11597.50
03-may-00;11667.90
02-may-00;11867.20
28-Apr-00;11467.90
27-Apr-00;11273.00
26-Apr-00;11481.50
25-Apr-00;11425.50
20-Apr-00;11502.00
19-Apr-00;11339.80
18-Apr-00;11261.50
17-Apr-00;11217.30
14-Apr-00;11363.90
13-Apr-00;11647.20
12-Apr-00;11542.10
11-Apr-00;11515.30
10-Apr-00;11768.70
7-Apr-00;11790.60
6-Apr-00;11607.90
5-Apr-00;11374.60
4-Apr-00;11584.20
3-Apr-00;11686.40
31-mar-00;11935.00
30-mar-00;11833.40
29-mar-00;12088.60
28-mar-00;12211.10
27-mar-00;12162.00
24-mar-00;12213.80
23-mar-00;12073.30
22-mar-00;12172.20
21-mar-00;12308.30
20-mar-00;12362.40
17-mar-00;12369.80
16-mar-00;12260.90
15-mar-00;12279.50
14-mar-00;12555.80
13-mar-00;12359.70
10-mar-00;12513.70
09-mar-00;12563.20
08-mar-00;12668.30
07-mar-00;12667.20
06-mar-00;12816.80
03-mar-00;12745.00
02-mar-00;12709.60
01-mar-00;12538.70
29-feb-00;12585.80
28-feb-00;12467.00
25-feb-00;12690.90
24-feb-00;12352.30
23-feb-00;12312.30
22-feb-00;12076.90
21-feb-00;12260.30
18-feb-00;12368.00
17-feb-00;12326.70
16-feb-00;12235.10
15-feb-00;12165.10
14-feb-00;12458.60
11-feb-00;12432.60
10-feb-00;12020.60
09-feb-00;11939.50
08-feb-00;11834.80
07-feb-00;11506.80
04-feb-00;11580.10
03-feb-00;11544.10
02-feb-00;11195.60
01-feb-00;10970.00
31-Jan-00;10835.10
28-Jan-00;11009.30
27-Jan-00;11206.60
26-Jan-00;11031.40
25-Jan-00;10863.50
24-Jan-00;10955.00
21-Jan-00;10969.30
20-Jan-00;11047.60
19-Jan-00;11120.70
18-Jan-00;11066.30
17-Jan-00;11285.60
14-Jan-00;11184.00
13-Jan-00;10931.90
12-Jan-00;10851.80
11-Jan-00;11012.40
10-Jan-00;11173.30
7-Jan-00;11102.40
5-Jan-00;10863.10
4-Jan-00;11206.60
3-Jan-00;11610.00
30-Dec-99;11641.40
29-Dec-99;11581.40
28-Dec-99;11517.60
27-Dec-99;11615.70
23-Dec-99;11686.60
22-Dec-99;11585.50
21-Dec-99;11572.80
20-Dec-99;11673.10
17-Dec-99;11613.10
16-Dec-99;11427.10
15-Dec-99;11372.50
14-Dec-99;11480.10
13-Dec-99;11465.80
10-Dec-99;11434.50
9-Dec-99;11560.10
7-Dec-99;11549.60
3-Dec-99;11310.00
2-Dec-99;11166.60
1-Dec-99;11084.30
30-nov-99;10958.10
29-nov-99;10892.50
26-nov-99;10971.30
25-nov-99;10945.20
24-nov-99;10720.20
23-nov-99;10685.10
22-nov-99;10613.60
19-nov-99;10793.00
18-nov-99;10725.90
17-nov-99;10639.70
16-nov-99;10619.70
15-nov-99;10555.90
12-nov-99;10469.90
11-nov-99;10497.10
10-nov-99;10354.30
09-nov-99;10260.10
08-nov-99;10336.80
05-nov-99;10231.30
04-nov-99;10113.40
03-nov-99;9936.90
02-nov-99;9847.90
29-oct-99;9741.50
28-oct-99;9610.30
27-oct-99;9419.20
26-oct-99;9443.30
25-oct-99;9304.80
22-oct-99;9389.40
21-oct-99;9270.20
20-oct-99;9405.60
19-oct-99;9413.40
18-oct-99;9290.80
15-oct-99;9376.70
14-oct-99;9548.90
13-oct-99;9592.50
11-oct-99;9808.20
08-oct-99;9770.90
07-oct-99;9721.00
06-oct-99;9624.70
05-oct-99;9656.30
04-oct-99;9601.00
01-oct-99;9482.80
30-sep-99;9525.40
29-sep-99;9552.50
28-sep-99;9639.90
27-sep-99;9707.80
24-sep-99;9617.70
23-sep-99;9720.40
22-sep-99;9655.00
21-sep-99;9621.80
20-sep-99;9722.80
17-sep-99;9728.20
16-sep-99;9645.70
15-sep-99;9728.60
14-sep-99;9779.20
13-sep-99;9919.00
10-sep-99;10026.60
09-sep-99;10028.00
08-sep-99;9891.60
07-sep-99;9871.20
06-sep-99;9975.40
03-sep-99;9943.10
02-sep-99;9694.00
01-sep-99;9903.60
31-Aug-99;9806.10
30-Aug-99;10006.20
27-Aug-99;10058.40
26-Aug-99;9931.90
25-Aug-99;9941.40
24-Aug-99;9861.70
23-Aug-99;9730.00
20-Aug-99;9738.30
19-Aug-99;9569.30
18-Aug-99;9570.90
17-Aug-99;9613.50
16-Aug-99;9474.50
13-Aug-99;9561.70
12-Aug-99;9407.90
11-Aug-99;9360.40
10-Aug-99;9230.20
9-Aug-99;9335.70
6-Aug-99;9140.70
5-Aug-99;9194.50
4-Aug-99;9436.20
3-Aug-99;9434.20
2-Aug-99;9400.10
30-jul-99;9391.90
29-jul-99;9292.60
28-jul-99;9571.50
27-jul-99;9583.40
26-jul-99;9684.90
23-jul-99;9771.60
22-jul-99;9896.10
21-jul-99;9999.80
20-jul-99;10057.90
19-jul-99;10190.90
16-jul-99;10119.20
15-jul-99;10134.60
14-jul-99;10009.30
13-jul-99;10119.00
12-jul-99;10311.90
09-jul-99;10333.20
08-jul-99;10311.30
07-jul-99;10402.80
06-jul-99;10474.40
05-jul-99;10555.60
02-jul-99;10402.30
01-jul-99;10370.50
30-jun-99;10218.60
29-jun-99;10299.60
28-jun-99;10291.10
25-jun-99;10290.30
24-jun-99;10333.60
23-jun-99;10380.70
22-jun-99;10387.70
21-jun-99;10382.70
18-jun-99;10337.50
17-jun-99;10195.00
16-jun-99;10190.80
15-jun-99;10179.70
14-jun-99;10100.00
11-jun-99;10195.30
10-jun-99;10096.20
09-jun-99;10242.80
08-jun-99;10221.80
07-jun-99;10280.20
04-jun-99;10244.70
03-jun-99;10221.50
02-jun-99;10068.80
01-jun-99;10056.90
31-may-99;10072.30
28-may-99;10030.60
27-may-99;9990.90
26-may-99;10097.70
25-may-99;10141.00
24-may-99;10170.40
21-may-99;10213.70
20-may-99;10151.20
19-may-99;10174.40
18-may-99;9984.80
17-may-99;9966.10
14-may-99;10167.20
13-may-99;10275.00
12-may-99;10184.70
11-may-99;10167.10
10-may-99;10172.70
07-may-99;10155.00
06-may-99;10073.00
05-may-99;10012.10
04-may-99;10019.20
03-may-99;10090.80
30-Apr-99;9975.40
29-Apr-99;10007.60
28-Apr-99;10010.40
27-Apr-99;10069.90
26-Apr-99;9907.20
23-Apr-99;9901.60
22-Apr-99;9794.80
21-Apr-99;9771.10
20-Apr-99;9662.00
19-Apr-99;9851.70
16-Apr-99;9777.30
15-Apr-99;10000.00
14-Apr-99;10080.40
13-Apr-99;10120.80
12-Apr-99;10039.20
9-Apr-99;10101.90
8-Apr-99;10100.60
7-Apr-99;10027.70
6-Apr-99;10011.30
31-mar-99;9740.70
30-mar-99;9677.00
29-mar-99;9748.10
26-mar-99;9659.10
25-mar-99;9868.30
24-mar-99;9720.70
23-mar-99;9728.40
22-mar-99;9955.10
19-mar-99;10073.70
18-mar-99;10039.70
17-mar-99;10119.10
16-mar-99;10213.90
15-mar-99;10121.00
12-mar-99;10094.70
11-mar-99;10191.60
10-mar-99;9940.10
09-mar-99;9915.30
08-mar-99;9861.40
05-mar-99;10005.00
04-mar-99;9834.30
03-mar-99;9707.60
02-mar-99;9823.00
01-mar-99;9838.90
26-feb-99;9997.30
25-feb-99;10052.10
24-feb-99;10224.60
23-feb-99;10133.80
22-feb-99;9945.20
19-feb-99;9840.90
18-feb-99;9758.70
17-feb-99;9797.90
16-feb-99;9799.30
15-feb-99;9901.10
12-feb-99;9739.40
11-feb-99;9690.50
10-feb-99;9656.70
09-feb-99;9500.00
08-feb-99;9648.80
05-feb-99;9809.30
04-feb-99;9855.40
03-feb-99;9944.20
02-feb-99;9943.60
01-feb-99;9998.20
29-Jan-99;9878.80
28-Jan-99;9832.20
27-Jan-99;9609.50
26-Jan-99;9589.60
25-Jan-99;9665.60
22-Jan-99;9612.00
21-Jan-99;9920.80
20-Jan-99;10090.10
19-Jan-99;9971.70
18-Jan-99;10071.50
15-Jan-99;9596.30
14-Jan-99;9304.20
13-Jan-99;9321.70
12-Jan-99;10010.50
11-Jan-99;10248.60
8-Jan-99;10412.30
7-Jan-99;10443.40
5-Jan-99;10650.70
4-Jan-99;10447.80
30-Dec-98;9836.60
29-Dec-98;9940.70
28-Dec-98;9953.60
23-Dec-98;9866.80
22-Dec-98;9679.90
21-Dec-98;9602.70
18-Dec-98;9351.90
17-Dec-98;9322.60
16-Dec-98;9362.20
15-Dec-98;9271.80
14-Dec-98;9260.50
11-Dec-98;9236.20
10-Dec-98;9468.10
9-Dec-98;9596.40
7-Dec-98;9454.20
4-Dec-98;9382.00
3-Dec-98;9329.70
2-Dec-98;9230.50
1-Dec-98;9339.80
30-nov-98;9645.50
27-nov-98;9877.30
26-nov-98;9759.00
25-nov-98;9515.00
24-nov-98;9479.20
23-nov-98;9441.90
20-nov-98;9431.90
19-nov-98;9240.60
18-nov-98;8972.40
17-nov-98;8984.30
16-nov-98;9056.80
13-nov-98;8842.10
12-nov-98;8992.50
11-nov-98;8940.70
10-nov-98;8934.30
09-nov-98;9094.90
06-nov-98;9204.10
05-nov-98;9109.10
04-nov-98;9131.20
03-nov-98;8943.10
02-nov-98;9015.50
30-oct-98;8800.00
29-oct-98;8541.10
28-oct-98;8534.40
27-oct-98;8716.80
26-oct-98;8467.70
23-oct-98;8410.20
22-oct-98;8254.20
21-oct-98;8493.50
20-oct-98;8654.40
19-oct-98;8396.70
16-oct-98;8455.30
15-oct-98;8060.30
14-oct-98;7956.10
13-oct-98;7715.90
09-oct-98;7381.20
08-oct-98;7195.20
07-oct-98;7405.30
06-oct-98;7566.90
05-oct-98;7145.80
02-oct-98;7156.90
01-oct-98;7676.50
30-sep-98;7676.50
29-sep-98;8066.10
28-sep-98;8062.30
25-sep-98;7969.30
24-sep-98;7884.70
23-sep-98;8008.20
22-sep-98;7506.60
21-sep-98;7211.40
18-sep-98;7628.70
17-sep-98;7671.10
16-sep-98;8034.20
15-sep-98;7833.10
14-sep-98;7900.00
11-sep-98;7708.00
10-sep-98;7904.00
09-sep-98;8504.90
08-sep-98;8710.10
07-sep-98;8453.00
04-sep-98;8337.30
03-sep-98;8380.40
02-sep-98;8548.70
01-sep-98;8239.20
31-Aug-98;8264.70
28-Aug-98;8383.00
27-Aug-98;8580.10
26-Aug-98;9113.20
25-Aug-98;9453.30
24-Aug-98;9262.80
21-Aug-98;9417.20
20-Aug-98;9998.20
19-Aug-98;10205.30
18-Aug-98;10112.90
17-Aug-98;9910.70
14-Aug-98;9919.50
13-Aug-98;9847.70
12-Aug-98;9887.30
11-Aug-98;9708.70
10-Aug-98;10039.80
7-Aug-98;10218.00
6-Aug-98;10115.20
5-Aug-98;10289.30
4-Aug-98;10495.30
3-Aug-98;10411.00
31-jul-98;10493.70
30-jul-98;10568.80
29-jul-98;10410.30
28-jul-98;10340.10
27-jul-98;10360.70
24-jul-98;10559.20
23-jul-98;10614.90
22-jul-98;10560.80
21-jul-98;10758.40
20-jul-98;10893.20
17-jul-98;10952.50
16-jul-98;10765.80
15-jul-98;10704.00
14-jul-98;10791.70
13-jul-98;10729.40
10-jul-98;10636.70
09-jul-98;10635.30
08-jul-98;10719.90
07-jul-98;10642.80
06-jul-98;10642.10
03-jul-98;10542.90
02-jul-98;10394.30
01-jul-98;10342.30
30-jun-98;10146.40
29-jun-98;10242.70
26-jun-98;10109.50
25-jun-98;10136.10
24-jun-98;9901.60
23-jun-98;9873.50
22-jun-98;9722.40
19-jun-98;9765.70
18-jun-98;9761.00
17-jun-98;9900.80
16-jun-98;9684.90
15-jun-98;9593.30
12-jun-98;9748.10
11-jun-98;9953.70
10-jun-98;10120.90
09-jun-98;10051.50
08-jun-98;10280.30
05-jun-98;10265.60
04-jun-98;10098.80
03-jun-98;10116.20
02-jun-98;10079.50
29-may-98;10005.70
28-may-98;10059.90
27-may-98;9993.00
26-may-98;10378.00
25-may-98;10391.60
22-may-98;10153.70
21-may-98;10089.00
20-may-98;10100.40
19-may-98;9959.20
18-may-98;9795.20
15-may-98;9836.90
14-may-98;9854.90
13-may-98;9768.30
12-may-98;9839.30
11-may-98;9993.60
08-may-98;9762.40
07-may-98;9741.10
06-may-98;9963.00
05-may-98;10001.50
04-may-98;10259.80
30-Apr-98;10025.60
29-Apr-98;9678.00
28-Apr-98;9904.00
27-Apr-98;9549.60
24-Apr-98;9888.30
23-Apr-98;9966.60
22-Apr-98;10291.80
21-Apr-98;10429.40
20-Apr-98;10482.70
17-Apr-98;10410.20
16-Apr-98;10323.60
15-Apr-98;10339.60
14-Apr-98;10509.60
8-Apr-98;10534.70
7-Apr-98;10690.00
6-Apr-98;10814.10
3-Apr-98;10572.30
2-Apr-98;10414.90
1-Apr-98;10352.30
31-mar-98;10209.10
30-mar-98;10225.70
27-mar-98;10242.90
26-mar-98;10171.00
25-mar-98;10303.00
24-mar-98;10093.90
23-mar-98;9940.60
20-mar-98;9797.10
18-mar-98;9503.00
17-mar-98;9521.20
16-mar-98;9448.80
13-mar-98;9450.50
12-mar-98;9347.90
11-mar-98;9262.10
10-mar-98;9261.80
09-mar-98;9269.50
06-mar-98;9227.30
05-mar-98;8958.30
04-mar-98;8929.90
03-mar-98;9132.10
02-mar-98;9112.60
27-feb-98;8900.10
26-feb-98;8783.20
25-feb-98;8818.50
24-feb-98;8641.40
23-feb-98;8511.30
20-feb-98;8516.80
19-feb-98;8358.00
18-feb-98;8324.70
17-feb-98;8283.70
16-feb-98;8144.80
13-feb-98;8113.40
12-feb-98;8062.60
11-feb-98;8155.70
10-feb-98;8084.90
09-feb-98;8048.50
06-feb-98;8182.50
05-feb-98;8109.90
04-feb-98;8166.50
03-feb-98;8104.20
02-feb-98;8096.70
30-Jan-98;7959.00
29-Jan-98;7940.40
28-Jan-98;7953.60
27-Jan-98;7924.60
26-Jan-98;7854.00
23-Jan-98;7749.10
22-Jan-98;7839.30
21-Jan-98;7812.10
20-Jan-98;7807.10
19-Jan-98;7732.40
16-Jan-98;7723.90
15-Jan-98;7578.30
14-Jan-98;7550.60
13-Jan-98;7492.20
12-Jan-98;7390.50
9-Jan-98;7455.30
8-Jan-98;7482.20
7-Jan-98;7549.00
5-Jan-98;7591.80
2-Jan-98;7451.40
31-Dec-97;7255.40
30-Dec-97;7335.10
29-Dec-97;7277.40
26-Dec-97;7049.80
23-Dec-97;7070.20
22-Dec-97;7062.60
19-Dec-97;7045.70
18-Dec-97;7224.30
17-Dec-97;7243.40
16-Dec-97;7250.90
15-Dec-97;7123.60
12-Dec-97;7059.70
11-Dec-97;7003.20
10-Dec-97;7158.50
9-Dec-97;7261.00
5-Dec-97;7197.00
4-Dec-97;7188.00
3-Dec-97;7092.50
2-Dec-97;7136.60
1-Dec-97;7136.00
28-nov-97;6932.10
27-nov-97;6919.60
26-nov-97;6856.40
25-nov-97;6741.30
24-nov-97;6670.30
21-nov-97;6825.70
20-nov-97;6766.40
19-nov-97;6557.80
18-nov-97;6537.10
17-nov-97;6512.50
14-nov-97;6299.30
13-nov-97;6239.30
12-nov-97;6151.10
11-nov-97;6221.00
10-nov-97;6278.00
07-nov-97;6317.50
06-nov-97;6481.30
05-nov-97;6515.10
04-nov-97;6451.00
03-nov-97;6445.30
31-oct-97;6380.40
30-oct-97;6463.40
29-oct-97;6392.00
28-oct-97;6049.90
27-oct-97;6313.90
24-oct-97;6604.80
23-oct-97;6657.00
22-oct-97;6826.70
21-oct-97;6854.20
20-oct-97;6678.80
17-oct-97;6664.20
16-oct-97;6766.10
15-oct-97;6754.90
14-oct-97;6830.60
13-oct-97;6863.10
10-oct-97;6826.20
09-oct-97;6772.10
08-oct-97;6986.40
07-oct-97;7120.90
06-oct-97;7089.70
03-oct-97;7239.10
02-oct-97;7250.80
01-oct-97;7331.90
30-sep-97;7269.70
29-sep-97;7219.50
26-sep-97;7205.90
25-sep-97;7125.40
24-sep-97;7198.70
23-sep-97;7102.90
22-sep-97;7117.00
19-sep-97;6975.60
18-sep-97;6965.50
17-sep-97;6884.30
16-sep-97;6879.90
15-sep-97;6778.60
12-sep-97;6671.50
11-sep-97;6695.00
10-sep-97;6745.70
09-sep-97;6783.80
08-sep-97;6796.10
05-sep-97;6759.50
04-sep-97;6694.40
03-sep-97;6692.30
02-sep-97;6702.40
01-sep-97;6599.10
29-Aug-97;6532.30
28-Aug-97;6556.70
27-Aug-97;6579.00
26-Aug-97;6601.00
25-Aug-97;6674.40
22-Aug-97;6630.40
21-Aug-97;6716.20
20-Aug-97;6779.30
19-Aug-97;6674.10
18-Aug-97;6552.20
14-Aug-97;6708.50
13-Aug-97;6723.40
12-Aug-97;6817.90
11-Aug-97;6782.20
8-Aug-97;6783.10
7-Aug-97;6864.10
6-Aug-97;6835.10
5-Aug-97;6664.40
4-Aug-97;6625.90
1-Aug-97;6730.50
31-jul-97;6810.90
30-jul-97;6868.30
29-jul-97;6697.10
28-jul-97;6817.70
24-jul-97;6756.10
23-jul-97;6958.90
22-jul-97;6963.20
21-jul-97;6768.30
18-jul-97;6846.20
17-jul-97;7034.80
16-jul-97;7136.10
15-jul-97;7064.10
14-jul-97;7169.40
11-jul-97;7112.50
10-jul-97;7095.20
09-jul-97;7164.70
08-jul-97;7139.10
07-jul-97;7204.50
04-jul-97;7174.30
03-jul-97;7174.40
02-jul-97;7095.00
01-jul-97;6969.90
30-jun-97;6884.60
27-jun-97;6939.40
26-jun-97;6934.50
25-jun-97;6913.20
24-jun-97;6797.10
23-jun-97;6802.00
20-jun-97;6761.90
19-jun-97;6674.80
18-jun-97;6619.70
17-jun-97;6543.80
16-jun-97;6627.20
13-jun-97;6685.30
12-jun-97;6673.10
11-jun-97;6565.70
10-jun-97;6514.50
09-jun-97;6511.50
06-jun-97;6616.20
05-jun-97;6514.40
04-jun-97;6411.40
03-jun-97;6404.80
02-jun-97;6298.10
30-may-97;6300.80
29-may-97;6416.50
28-may-97;6522.30
27-may-97;6675.50
26-may-97;6582.20
23-may-97;6432.30
22-may-97;6402.20
21-may-97;6449.00
20-may-97;6299.90
19-may-97;6228.70
16-may-97;6253.90
14-may-97;6304.40
13-may-97;6324.20
12-may-97;6283.70
09-may-97;6128.10
08-may-97;6064.90
07-may-97;6042.60
06-may-97;6043.20
05-may-97;6059.90
30-Apr-97;5909.30
29-Apr-97;5838.20
28-Apr-97;5757.30
25-Apr-97;5732.60
24-Apr-97;5772.70
23-Apr-97;5802.30
22-Apr-97;5730.00
21-Apr-97;5670.90
18-Apr-97;5628.10
17-Apr-97;5629.30
16-Apr-97;5588.00
15-Apr-97;5585.90
14-Apr-97;5452.60
11-Apr-97;5441.40
10-Apr-97;5488.30
9-Apr-97;5527.20
8-Apr-97;5482.80
7-Apr-97;5461.10
4-Apr-97;5336.10
3-Apr-97;5279.90
2-Apr-97;5310.40
1-Apr-97;5326.50
31-mar-97;5424.30
26-mar-97;5520.70
25-mar-97;5438.80
24-mar-97;5349.30
21-mar-97;5357.70
20-mar-97;5355.50
19-mar-97;5432.10
18-mar-97;5414.80
17-mar-97;5458.60
14-mar-97;5568.10
13-mar-97;5566.70
12-mar-97;5537.60
11-mar-97;5603.10
10-mar-97;5620.70
07-mar-97;5503.10
06-mar-97;5402.70
05-mar-97;5319.10
04-mar-97;5336.70
03-mar-97;5274.00
28-feb-97;5305.40
27-feb-97;5357.50
26-feb-97;5311.40
25-feb-97;5333.90
24-feb-97;5296.50
21-feb-97;5377.90
20-feb-97;5434.80
19-feb-97;5481.40
18-feb-97;5505.20
17-feb-97;5509.10
14-feb-97;5499.30
13-feb-97;5458.20
12-feb-97;5435.40
11-feb-97;5419.20
10-feb-97;5447.30
07-feb-97;5449.80
06-feb-97;5415.60
05-feb-97;5379.00
04-feb-97;5297.60
03-feb-97;5294.10
31-Jan-97;5327.40
30-Jan-97;5256.70
29-Jan-97;5280.00
28-Jan-97;5353.80
27-Jan-97;5253.90
24-Jan-97;5324.70
23-Jan-97;5450.70
22-Jan-97;5463.10
21-Jan-97;5516.40
20-Jan-97;5470.20
17-Jan-97;5470.20
16-Jan-97;5384.80
15-Jan-97;5327.30
14-Jan-97;5350.20
13-Jan-97;5351.70
10-Jan-97;5258.70
9-Jan-97;5231.40
8-Jan-97;5221.50
7-Jan-97;5161.60
3-Jan-97;5141.10
2-Jan-97;5018.60
31-Dec-96;5154.80
30-Dec-96;5145.00
27-Dec-96;5107.00
26-Dec-96;4815.60
23-Dec-96;4996.50
20-Dec-96;4966.80
19-Dec-96;4908.90
18-Dec-96;4815.60
17-Dec-96;4733.30
16-Dec-96;4750.40
13-Dec-96;4651.00
12-Dec-96;4663.90
11-Dec-96;4677.80
10-Dec-96;4753.20
9-Dec-96;4704.10
5-Dec-96;4714.00
4-Dec-96;4724.50
3-Dec-96;4757.20
2-Dec-96;4683.50
29-nov-96;4667.80
28-nov-96;4616.70
27-nov-96;4566.50
26-nov-96;4597.20
25-nov-96;4584.80
22-nov-96;4544.30
21-nov-96;4511.60
20-nov-96;4512.90
19-nov-96;4506.90
18-nov-96;4483.70
15-nov-96;4489.90
14-nov-96;4492.90
13-nov-96;4469.90
12-nov-96;4459.50
11-nov-96;4421.40
08-nov-96;4428.10
07-nov-96;4433.70
06-nov-96;4427.30
05-nov-96;4373.90
04-nov-96;4316.60
31-oct-96;4306.70
30-oct-96;4308.80
29-oct-96;4352.20
28-oct-96;4383.60
25-oct-96;4396.90
24-oct-96;4406.70
23-oct-96;4384.80
22-oct-96;4403.40
21-oct-96;4402.60
18-oct-96;4377.40
17-oct-96;4322.30
16-oct-96;4295.50
15-oct-96;4328.40
14-oct-96;4266.10
11-oct-96;4243.10
10-oct-96;4247.50
09-oct-96;4257.80
08-oct-96;4277.10
07-oct-96;4271.30
04-oct-96;4266.30
03-oct-96;4243.90
02-oct-96;4262.40
01-oct-96;4239.70
30-sep-96;4215.60
27-sep-96;4195.10
26-sep-96;4213.90
25-sep-96;4177.80
24-sep-96;4135.70
23-sep-96;4098.00
20-sep-96;4093.60
19-sep-96;4082.20
18-sep-96;4069.80
17-sep-96;4083.60
16-sep-96;4101.60
13-sep-96;4079.30
12-sep-96;4030.40
11-sep-96;4001.30
10-sep-96;4003.70
09-sep-96;3987.90
06-sep-96;3963.10
05-sep-96;3953.30
04-sep-96;3966.20
03-sep-96;4004.00
02-sep-96;4033.60
30-Aug-96;4025.50
29-Aug-96;4046.20
28-Aug-96;4084.50
27-Aug-96;4075.50
26-Aug-96;4041.00
23-Aug-96;4070.00
22-Aug-96;4060.20
21-Aug-96;3997.80
20-Aug-96;4022.20
19-Aug-96;4012.30
16-Aug-96;4052.00
14-Aug-96;4025.70
13-Aug-96;4030.60
12-Aug-96;4018.90
9-Aug-96;4030.50
8-Aug-96;4070.10
7-Aug-96;4072.40
6-Aug-96;4101.00
5-Aug-96;4120.20
2-Aug-96;4120.20
1-Aug-96;4040.00
31-jul-96;3979.40
30-jul-96;3932.40
29-jul-96;3935.70
26-jul-96;3964.30
25-jul-96;4010.80
24-jul-96;3976.50
23-jul-96;4029.90
22-jul-96;3995.50
19-jul-96;4055.10
18-jul-96;4037.10
17-jul-96;4001.90
16-jul-96;3985.50
15-jul-96;4056.80
12-jul-96;4114.70
11-jul-96;4151.20
10-jul-96;4210.00
09-jul-96;4210.00
08-jul-96;4193.00
05-jul-96;4192.70
04-jul-96;4249.70
03-jul-96;4228.70
02-jul-96;4255.90
01-jul-96;4278.30
28-jun-96;4264.10
27-jun-96;4233.10
26-jun-96;4258.00
25-jun-96;4269.40
24-jun-96;4264.40
21-jun-96;4241.50
20-jun-96;4211.50
19-jun-96;4228.20
18-jun-96;4251.00
17-jun-96;4224.00
14-jun-96;4237.10
13-jun-96;4242.00
12-jun-96;4255.60
11-jun-96;4224.40
10-jun-96;4173.20
07-jun-96;4136.50
06-jun-96;4168.40
05-jun-96;4125.20
04-jun-96;4116.50
03-jun-96;4088.70
31-may-96;4111.70
30-may-96;4126.00
29-may-96;4155.30
28-may-96;4166.90
27-may-96;4150.70
24-may-96;4137.50
23-may-96;4137.60
22-may-96;4128.10
21-may-96;4155.20
20-may-96;4143.40
17-may-96;4109.70
16-may-96;4067.60
14-may-96;4069.00
13-may-96;4062.90
10-may-96;4057.90
09-may-96;4015.10
08-may-96;4004.10
07-may-96;4036.50
06-may-96;4062.90
03-may-96;4060.80
30-Apr-96;4082.90
29-Apr-96;4112.20
26-Apr-96;4124.30
25-Apr-96;4096.00
24-Apr-96;4070.60
23-Apr-96;4058.50
22-Apr-96;4070.30
19-Apr-96;4038.50
18-Apr-96;3984.60
17-Apr-96;3964.20
16-Apr-96;3954.20
15-Apr-96;3949.60
12-Apr-96;3918.10
11-Apr-96;3888.70
10-Apr-96;3911.00
9-Apr-96;3886.20
8-Apr-96;3850.60
3-Apr-96;3894.80
2-Apr-96;3879.90
1-Apr-96;3862.70
29-mar-96;3857.10
28-mar-96;3830.20
27-mar-96;3839.40
26-mar-96;3823.70
25-mar-96;3842.40
22-mar-96;3791.50
21-mar-96;3810.10
20-mar-96;3747.00
19-mar-96;3747.00
18-mar-96;3717.70
15-mar-96;3685.80
14-mar-96;3700.60
13-mar-96;3688.70
12-mar-96;3694.30
11-mar-96;3703.50
08-mar-96;3762.30
07-mar-96;3755.20
06-mar-96;3720.80
05-mar-96;3652.80
04-mar-96;3713.80
01-mar-96;3918.20
29-feb-96;3915.50
28-feb-96;3909.90
27-feb-96;3858.20
26-feb-96;3847.50
23-feb-96;3862.10
22-feb-96;3863.60
21-feb-96;3837.40
20-feb-96;3780.20
19-feb-96;3782.00
16-feb-96;3790.10
15-feb-96;3786.10
14-feb-96;3729.40
13-feb-96;3732.00
12-feb-96;3691.50
09-feb-96;3685.40
08-feb-96;3660.40
07-feb-96;3697.90
06-feb-96;3694.60
05-feb-96;3680.80
02-feb-96;3727.40
01-feb-96;3750.90
31-Jan-96;3734.50
30-Jan-96;3707.10
29-Jan-96;3678.60
26-Jan-96;3720.70
25-Jan-96;3753.00
24-Jan-96;3735.80
23-Jan-96;3710.80
22-Jan-96;3733.50
19-Jan-96;3742.10
18-Jan-96;3735.40
17-Jan-96;3718.30
16-Jan-96;3703.60
15-Jan-96;3680.10
12-Jan-96;3679.30
11-Jan-96;3651.30
10-Jan-96;3655.70
9-Jan-96;3689.70
8-Jan-96;3696.60
5-Jan-96;3693.50
4-Jan-96;3718.20
3-Jan-96;3717.70
2-Jan-96;3685.40
29-Dec-95;3630.80
28-Dec-95;3599.20
27-Dec-95;3537.40
26-Dec-95;3633.80
22-Dec-95;3633.80
21-Dec-95;3623.70
20-Dec-95;3601.50
19-Dec-95;3529.00
18-Dec-95;3566.40
15-Dec-95;3577.10
14-Dec-95;3554.30
13-Dec-95;3533.00
12-Dec-95;3546.50
11-Dec-95;3545.40
7-Dec-95;3528.40
5-Dec-95;3538.80
4-Dec-95;3530.90
1-Dec-95;3543.50
30-nov-95;3510.10
29-nov-95;3504.60
28-nov-95;3491.50
27-nov-95;3514.40
24-nov-95;3510.30
23-nov-95;3466.70
22-nov-95;3454.80
21-nov-95;3395.80
20-nov-95;3384.30
17-nov-95;3349.20
16-nov-95;3364.40
15-nov-95;3319.70
14-nov-95;3325.60
13-nov-95;3305.70
10-nov-95;3298.80
09-nov-95;3316.80
08-nov-95;3316.60
07-nov-95;3305.80
06-nov-95;3269.70
03-nov-95;3278.00
02-nov-95;3287.40
31-oct-95;3277.30
30-oct-95;3252.20
27-oct-95;3214.80
26-oct-95;3231.50
25-oct-95;3256.00
24-oct-95;3201.00
23-oct-95;3189.20
20-oct-95;3264.00
19-oct-95;3313.10
18-oct-95;3328.00
17-oct-95;3306.50
16-oct-95;3318.30
13-oct-95;3334.90
11-oct-95;3271.60
10-oct-95;3244.80
09-oct-95;3227.90
06-oct-95;3275.70
05-oct-95;3319.80
04-oct-95;3340.60
03-oct-95;3338.30
02-oct-95;3361.40
29-sep-95;3376.80
28-sep-95;3343.40
27-sep-95;3361.10
26-sep-95;3401.80
25-sep-95;3382.80
22-sep-95;3423.40
21-sep-95;3496.30
20-sep-95;3507.10
19-sep-95;3513.80
18-sep-95;3496.30
15-sep-95;3521.40
14-sep-95;3537.90
13-sep-95;3541.70
12-sep-95;3526.40
11-sep-95;3513.50
08-sep-95;3489.80
07-sep-95;3472.40
06-sep-95;3480.00
05-sep-95;3455.50
04-sep-95;3456.00
01-sep-95;3454.00
31-Aug-95;3432.80
30-Aug-95;3472.40
29-Aug-95;3474.40
28-Aug-95;3494.30
25-Aug-95;3516.80
24-Aug-95;3513.80
23-Aug-95;3492.90
22-Aug-95;3494.00
21-Aug-95;3514.40
18-Aug-95;3513.70
17-Aug-95;3511.20
16-Aug-95;3526.90
14-Aug-95;3497.80
11-Aug-95;3510.90
10-Aug-95;3481.30
9-Aug-95;3459.20
8-Aug-95;3471.00
7-Aug-95;3482.90
4-Aug-95;3474.30
3-Aug-95;3453.70
2-Aug-95;3461.40
1-Aug-95;3389.70
31-jul-95;3373.40
28-jul-95;3359.20
27-jul-95;3378.00
26-jul-95;3363.30
25-jul-95;3349.40
24-jul-95;3331.00
21-jul-95;3288.90
20-jul-95;3279.70
19-jul-95;3312.80
18-jul-95;3321.30
17-jul-95;3355.70
14-jul-95;3330.10
13-jul-95;3344.90
12-jul-95;3368.00
11-jul-95;3376.30
10-jul-95;3343.40
07-jul-95;3317.00
06-jul-95;3232.50
05-jul-95;3245.60
04-jul-95;3240.40
03-jul-95;3219.60
30-jun-95;3219.10
29-jun-95;3223.50
28-jun-95;3234.30
27-jun-95;3260.00
26-jun-95;3261.50
23-jun-95;3260.10
22-jun-95;3236.70
21-jun-95;3217.50
20-jun-95;3223.50
19-jun-95;3235.70
16-jun-95;3223.50
15-jun-95;3230.80
14-jun-95;3237.50
13-jun-95;3235.30
12-jun-95;3214.20
09-jun-95;3242.80
08-jun-95;3264.60
07-jun-95;3250.00
06-jun-95;3261.50
05-jun-95;3269.10
02-jun-95;3260.40
01-jun-95;3253.20
31-may-95;3226.50
30-may-95;3226.00
29-may-95;3210.20
26-may-95;3230.80
25-may-95;3253.80
24-may-95;3316.20
23-may-95;3297.30
22-may-95;3267.90
19-may-95;3212.20
18-may-95;3225.40
17-may-95;3230.20
16-may-95;3233.90
12-may-95;3240.90
11-may-95;3282.50
10-may-95;3290.30
09-may-95;3271.90
08-may-95;3252.00
05-may-95;3191.30
04-may-95;3193.20
03-may-95;3161.20
28-Apr-95;3091.90
27-Apr-95;3075.80
26-Apr-95;3027.80
25-Apr-95;3013.20
24-Apr-95;3008.70
21-Apr-95;3005.30
20-Apr-95;2987.80
19-Apr-95;2992.40
18-Apr-95;3011.40
17-Apr-95;3035.30
12-Apr-95;3011.20
11-Apr-95;3006.00
10-Apr-95;3016.70
7-Apr-95;3007.60
6-Apr-95;2989.80
5-Apr-95;3009.40
4-Apr-95;2985.50
3-Apr-95;2933.30
31-mar-95;2931.70
30-mar-95;2946.50
29-mar-95;2883.60
28-mar-95;2898.10
27-mar-95;2911.60
24-mar-95;2885.40
23-mar-95;2865.10
22-mar-95;2888.40
21-mar-95;2896.90
17-mar-95;2889.20
16-mar-95;2917.50
15-mar-95;2886.40
14-mar-95;2921.50
13-mar-95;2885.40
10-mar-95;2893.70
09-mar-95;2871.10
08-mar-95;2914.90
07-mar-95;2976.10
06-mar-95;3054.40
03-mar-95;3056.30
02-mar-95;3091.90
01-mar-95;3037.60
28-feb-95;3024.50
27-feb-95;3012.10
24-feb-95;3051.50
23-feb-95;3072.60
22-feb-95;3045.60
21-feb-95;3059.00
20-feb-95;3055.80
17-feb-95;3089.90
16-feb-95;3107.90
15-feb-95;3141.70
14-feb-95;3150.70
13-feb-95;3123.50
10-feb-95;3152.00
09-feb-95;3144.80
08-feb-95;3124.90
07-feb-95;3142.10
06-feb-95;3153.90
03-feb-95;3131.90
02-feb-95;3082.50
01-feb-95;3072.00
31-Jan-95;3040.10
30-Jan-95;3038.20
27-Jan-95;3048.70
26-Jan-95;3043.30
25-Jan-95;3008.10
24-Jan-95;2987.90
23-Jan-95;2962.90
20-Jan-95;3023.30
19-Jan-95;3053.10
18-Jan-95;3041.20
17-Jan-95;3036.40
16-Jan-95;3041.70
13-Jan-95;3004.70
12-Jan-95;2963.10
11-Jan-95;2957.70
10-Jan-95;2987.80
9-Jan-95;3003.60
5-Jan-95;3047.00
4-Jan-95;3107.20
3-Jan-95;3110.40
2-Jan-95;3092.20
30-Dec-94;3087.70
29-Dec-94;3036.10
28-Dec-94;3029.50
27-Dec-94;3088.10
23-Dec-94;3189.30
22-Dec-94;3168.70
21-Dec-94;3173.50
20-Dec-94;3193.50
19-Dec-94;3230.30
16-Dec-94;3250.50
15-Dec-94;3238.10
14-Dec-94;3261.80
13-Dec-94;3266.70
12-Dec-94;3271.90
9-Dec-94;3293.90
7-Dec-94;3318.90
5-Dec-94;3323.30
2-Dec-94;3290.60
1-Dec-94;3272.70
30-nov-94;3287.10
29-nov-94;3262.50
28-nov-94;3298.40
25-nov-94;3296.20
24-nov-94;3276.00
23-nov-94;3253.50
22-nov-94;3286.30
21-nov-94;3308.80
18-nov-94;3286.70
17-nov-94;3272.50
16-nov-94;3278.20
15-nov-94;3306.20
14-nov-94;3259.50
11-nov-94;3229.30
10-nov-94;3232.30
08-nov-94;3166.10
07-nov-94;3172.70
04-nov-94;3202.90
03-nov-94;3185.50
02-nov-94;3155.70
31-oct-94;3194.50
28-oct-94;3186.60
27-oct-94;3131.10
26-oct-94;3101.40
25-oct-94;3108.00
24-oct-94;3155.00
21-oct-94;3149.20
20-oct-94;3184.20
19-oct-94;3188.20
18-oct-94;3189.40
17-oct-94;3242.80
14-oct-94;3247.00
13-oct-94;3278.00
11-oct-94;3173.40
10-oct-94;3159.30
07-oct-94;3122.90
06-oct-94;3105.30
05-oct-94;3100.00
04-oct-94;3165.20
03-oct-94;3149.10
30-sep-94;3176.60
29-sep-94;3192.20
28-sep-94;3234.90
27-sep-94;3175.70
26-sep-94;3175.60
23-sep-94;3193.70
22-sep-94;3140.90
21-sep-94;3142.70
20-sep-94;3166.10
19-sep-94;3210.10
16-sep-94;3218.60
15-sep-94;3259.10
14-sep-94;3208.50
13-sep-94;3227.10
12-sep-94;3184.70
09-sep-94;3232.70
08-sep-94;3262.50
07-sep-94;3176.50
06-sep-94;3135.20
05-sep-94;3189.50
02-sep-94;3239.70
01-sep-94;3276.80
31-Aug-94;3337.00
30-Aug-94;3352.20
29-Aug-94;3366.70
26-Aug-94;3322.90
25-Aug-94;3290.20
24-Aug-94;3267.90
23-Aug-94;3246.80
22-Aug-94;3228.90
19-Aug-94;3260.40
18-Aug-94;3273.10
17-Aug-94;3301.30
16-Aug-94;3320.10
15-Aug-94;3342.90
12-Aug-94;3342.90
11-Aug-94;3408.20
10-Aug-94;3440.20
9-Aug-94;3438.40
8-Aug-94;3469.20
5-Aug-94;3454.30
4-Aug-94;3433.00
3-Aug-94;3434.40
2-Aug-94;3445.90
1-Aug-94;3427.90
29-jul-94;3364.20
28-jul-94;3313.90
27-jul-94;3336.30
26-jul-94;3354.00
25-jul-94;3304.80
22-jul-94;3288.40
21-jul-94;3254.80
20-jul-94;3253.60
19-jul-94;3273.20
18-jul-94;3263.90
15-jul-94;3234.00
14-jul-94;3235.70
13-jul-94;3217.40
12-jul-94;3183.60
11-jul-94;3147.70
08-jul-94;3118.60
07-jul-94;3093.80
06-jul-94;3093.90
05-jul-94;3136.60
04-jul-94;3204.10
01-jul-94;3182.40
30-jun-94;3200.70
29-jun-94;3238.80
28-jun-94;3228.90
27-jun-94;3174.30
24-jun-94;3189.00
23-jun-94;3264.10
22-jun-94;3215.30
21-jun-94;3166.50
20-jun-94;3237.90
17-jun-94;3296.20
16-jun-94;3329.80
15-jun-94;3399.60
14-jun-94;3455.30
13-jun-94;3440.00
10-jun-94;3495.70
09-jun-94;3465.90
08-jun-94;3484.20
07-jun-94;3466.00
06-jun-94;3509.40
03-jun-94;3507.40
02-jun-94;3476.30
01-jun-94;3439.70
31-may-94;3512.60
30-may-94;3561.90
27-may-94;3560.90
26-may-94;3578.10
25-may-94;3556.60
24-may-94;3631.50
23-may-94;3649.60
20-may-94;3663.90
19-may-94;3626.30
18-may-94;3646.00
17-may-94;3626.20
16-may-94;3622.60
13-may-94;3569.90
12-may-94;3547.50
11-may-94;3481.70
10-may-94;3477.00
09-may-94;3397.50
06-may-94;3447.10
05-may-94;3425.80
04-may-94;3363.60
03-may-94;3432.00
29-Apr-94;3520.70
28-Apr-94;3504.30
27-Apr-94;3535.00
26-Apr-94;3497.90
25-Apr-94;3459.70
22-Apr-94;3459.70
21-Apr-94;3364.40
20-Apr-94;3344.90
19-Apr-94;3394.40
18-Apr-94;3361.70
15-Apr-94;3460.20
14-Apr-94;3498.60
13-Apr-94;3545.50
12-Apr-94;3589.50
11-Apr-94;3587.40
8-Apr-94;3556.40
7-Apr-94;3525.30
6-Apr-94;3521.10
5-Apr-94;3483.40
31-mar-94;3489.10
30-mar-94;3489.10
29-mar-94;3552.20
28-mar-94;3592.80
25-mar-94;3610.10
24-mar-94;3624.90
23-mar-94;3682.20
22-mar-94;3670.00
21-mar-94;3666.60
18-mar-94;3705.10
17-mar-94;3740.00
16-mar-94;3743.60
15-mar-94;3783.30
14-mar-94;3732.40
11-mar-94;3665.20
10-mar-94;3691.20
09-mar-94;3699.30
08-mar-94;3726.70
07-mar-94;3757.40
04-mar-94;3688.60
03-mar-94;3625.50
02-mar-94;3568.10
01-mar-94;3656.80
28-feb-94;3739.70
25-feb-94;3704.20
24-feb-94;3710.00
23-feb-94;3777.00
22-feb-94;3744.30
21-feb-94;3728.50
18-feb-94;3808.20
17-feb-94;3850.50
16-feb-94;3836.20
15-feb-94;3828.50
14-feb-94;3828.50
11-feb-94;3849.30
10-feb-94;3888.00
09-feb-94;3910.50
08-feb-94;3918.40
07-feb-94;3868.80
04-feb-94;3947.40
03-feb-94;3924.60
02-feb-94;3947.00
01-feb-94;3896.90
31-Jan-94;3980.50
28-Jan-94;3915.70
27-Jan-94;3875.90
26-Jan-94;3874.60
25-Jan-94;3811.50
24-Jan-94;3762.60
21-Jan-94;3790.50
20-Jan-94;3794.40
19-Jan-94;3811.30
18-Jan-94;3757.00
17-Jan-94;3729.10
14-Jan-94;3736.40
13-Jan-94;3680.80
12-Jan-94;3680.10
11-Jan-94;3712.40
10-Jan-94;3660.60
7-Jan-94;3636.40
5-Jan-94;3621.20
4-Jan-94;3630.30
3-Jan-94;3654.50
31-Dec-93;3615.20
30-Dec-93;3567.60
29-Dec-93;3512.50
28-Dec-93;3574.30
27-Dec-93;3631.50
23-Dec-93;3616.40
22-Dec-93;3562.80
21-Dec-93;3547.60
20-Dec-93;3518.50
17-Dec-93;3453.50
16-Dec-93;3442.80
15-Dec-93;3417.00
14-Dec-93;3417.30
13-Dec-93;3460.10
10-Dec-93;3457.60
9-Dec-93;3460.70
7-Dec-93;3422.10
3-Dec-93;3417.20
2-Dec-93;3380.90
1-Dec-93;3348.50
30-nov-93;3280.10
29-nov-93;3313.10
26-nov-93;3334.80
25-nov-93;3320.20
24-nov-93;3288.90
23-nov-93;3327.10
22-nov-93;3356.60
19-nov-93;3415.80
18-nov-93;3435.70
17-nov-93;3445.50
16-nov-93;3405.60
15-nov-93;3371.70
12-nov-93;3354.20
11-nov-93;3358.40
10-nov-93;3358.20
09-nov-93;3364.30
08-nov-93;3341.80
05-nov-93;3348.20
04-nov-93;3428.00
03-nov-93;3450.50
02-nov-93;3436.80
29-oct-93;3449.60
28-oct-93;3429.30
27-oct-93;3396.60
26-oct-93;3436.70
25-oct-93;3456.60
22-oct-93;3478.10
21-oct-93;3407.80
20-oct-93;3382.80
19-oct-93;3352.40
18-oct-93;3356.00
15-oct-93;3339.20
14-oct-93;3316.90
13-oct-93;3291.30
11-oct-93;3285.20
08-oct-93;3259.70
07-oct-93;3237.70
06-oct-93;3242.50
05-oct-93;3210.40
04-oct-93;3167.60
01-oct-93;3180.30
30-sep-93;3177.30
29-sep-93;3171.50
28-sep-93;3171.90
27-sep-93;3147.40
24-sep-93;3101.80
23-sep-93;3112.20
22-sep-93;3131.00
21-sep-93;3170.10
20-sep-93;3187.50
17-sep-93;3139.20
16-sep-93;3120.60
15-sep-93;3117.70
14-sep-93;3181.50
13-sep-93;3137.90
10-sep-93;3183.20
09-sep-93;3232.10
08-sep-93;3262.00
07-sep-93;3271.90
06-sep-93;3253.10
03-sep-93;3269.30
02-sep-93;3288.90
01-sep-93;3264.40
31-Aug-93;3360.20
30-Aug-93;3379.10
27-Aug-93;3363.40
26-Aug-93;3331.00
25-Aug-93;3300.70
24-Aug-93;3250.90
23-Aug-93;3219.80
20-Aug-93;3229.90
19-Aug-93;3231.20
18-Aug-93;3206.70
17-Aug-93;3167.00
16-Aug-93;3113.90
13-Aug-93;3112.70
12-Aug-93;3087.00
11-Aug-93;3032.40
10-Aug-93;3002.90
9-Aug-93;2989.30
6-Aug-93;2993.80
5-Aug-93;2981.20
4-Aug-93;2985.80
3-Aug-93;2994.00
2-Aug-93;3019.70
30-jul-93;2981.20
29-jul-93;2963.20
28-jul-93;2901.90
27-jul-93;2876.60
26-jul-93;2873.00
23-jul-93;2855.90
22-jul-93;2838.90
21-jul-93;2830.50
20-jul-93;2840.00
19-jul-93;2822.20
16-jul-93;2830.50
15-jul-93;2843.70
14-jul-93;2851.10
13-jul-93;2843.40
12-jul-93;2826.40
09-jul-93;2830.80
08-jul-93;2832.80
07-jul-93;2818.70
06-jul-93;2818.00
05-jul-93;2812.60
02-jul-93;9073.30
01-jul-93;2850.00
30-jun-93;2854.60
29-jun-93;8878.40
28-jun-93;8855.90
25-jun-93;8964.30
24-jun-93;2880.60
23-jun-93;2914.70
22-jun-93;8925.20
21-jun-93;8920.90
18-jun-93;9018.70
17-jun-93;2863.50
16-jun-93;2857.90
15-jun-93;9363.30
14-jun-93;9476.60
11-jun-93;9606.80
10-jun-93;2822.40
09-jun-93;2808.40
08-jun-93;9607.30
07-jun-93;9516.80
04-jun-93;9561.50
03-jun-93;2847.90
02-jun-93;2841.10
01-jun-93;9399.40
31-may-93;9500.70
28-may-93;9545.60
27-may-93;2875.80
26-may-93;2834.80
25-may-93;9468.40
24-may-93;9616.20
21-may-93;9678.20
20-may-93;2791.20
19-may-93;2794.30
18-may-93;9728.40
17-may-93;9661.50
14-may-93;9602.20
13-may-93;2761.40
12-may-93;2634.60
11-may-93;9684.50
10-may-93;9781.50
07-may-93;9589.20
06-may-93;2658.80
05-may-93;2665.80
04-may-93;9542.70
03-may-93;9497.20
30-Apr-93;9761.00
29-Apr-93;2670.10
28-Apr-93;2690.60
27-Apr-93;9634.60
26-Apr-93;9523.90
23-Apr-93;9269.40
22-Apr-93;2700.70
21-Apr-93;2662.90
20-Apr-93;9547.50
19-Apr-93;9798.00
16-Apr-93;2635.40
15-Apr-93;2628.30
14-Apr-93;2638.70
13-Apr-93;2630.90
12-Apr-93;2601.40
7-Apr-93;2595.20
6-Apr-93;2603.20
19-mar-93;9251.30
15-feb-93;9865.30
